<VWSRecipeFile>
	<Coating User="" Version="1.0" Description="" LastChange="44452.5429058218">
		<Values>
			<V Item="CPU1.PLC.Blocks.03 Coating.00 Main.DB Coating Main PD Buffer.CoatingStep[0].Dipping.Angle" Type="4" Hex="00000000" Value="0"/>
			<V Item="CPU1.PLC.Blocks.03 Coating.00 Main.DB Coating Main PD Buffer.CoatingStep[0].Dipping.Change of Direction" Type="2" Value="0"/>
			<V Item="CPU1.PLC.Blocks.03 Coating.00 Main.DB Coating Main PD Buffer.CoatingStep[0].Dipping.Dip Time" Type="2" Value="0"/>
			<V Item="CPU1.PLC.Blocks.03 Coating.00 Main.DB Coating Main PD Buffer.CoatingStep[0].Dipping.Draining Time" Type="2" Value="0"/>
			<V Item="CPU1.PLC.Blocks.03 Coating.00 Main.DB Coating Main PD Buffer.CoatingStep[0].Dipping.Rotation Speed" Type="4" Hex="00000000" Value="0"/>
			<V Item="CPU1.PLC.Blocks.03 Coating.00 Main.DB Coating Main PD Buffer.CoatingStep[0].Dipping.Straight Before" Type="11" Value="0"/>
			<V Item="CPU1.PLC.Blocks.03 Coating.00 Main.DB Coating Main PD Buffer.CoatingStep[0].Dipping.Time Straight" Type="2" Value="0"/>
			<V Item="CPU1.PLC.Blocks.03 Coating.00 Main.DB Coating Main PD Buffer.CoatingStep[0].Dipping.Vat identifier" Type="2" Value="0"/>
			<V Item="CPU1.PLC.Blocks.03 Coating.00 Main.DB Coating Main PD Buffer.CoatingStep[0].Spinning.1.Rotor RPM" Type="4" Hex="00000000" Value="0"/>
			<V Item="CPU1.PLC.Blocks.03 Coating.00 Main.DB Coating Main PD Buffer.CoatingStep[0].Spinning.1.Rotor Time" Type="2" Value="0"/>
			<V Item="CPU1.PLC.Blocks.03 Coating.00 Main.DB Coating Main PD Buffer.CoatingStep[0].Spinning.2.Planet RPM" Type="4" Hex="00000000" Value="0"/>
			<V Item="CPU1.PLC.Blocks.03 Coating.00 Main.DB Coating Main PD Buffer.CoatingStep[0].Spinning.2.Planet Time" Type="2" Value="0"/>
			<V Item="CPU1.PLC.Blocks.03 Coating.00 Main.DB Coating Main PD Buffer.CoatingStep[0].Spinning.2.Rotor RPM" Type="4" Hex="00000000" Value="0"/>
			<V Item="CPU1.PLC.Blocks.03 Coating.00 Main.DB Coating Main PD Buffer.CoatingStep[0].Spinning.3.Rotor RPM" Type="4" Hex="00000000" Value="0"/>
			<V Item="CPU1.PLC.Blocks.03 Coating.00 Main.DB Coating Main PD Buffer.CoatingStep[0].Spinning.3.Rotor Time" Type="2" Value="0"/>
			<V Item="CPU1.PLC.Blocks.03 Coating.00 Main.DB Coating Main PD Buffer.CoatingStep[0].Type" Type="2" Value="1"/>
			<V Item="CPU1.PLC.Blocks.03 Coating.00 Main.DB Coating Main PD Buffer.CoatingStep[1].Dipping.Angle" Type="4" Hex="00000000" Value="0"/>
			<V Item="CPU1.PLC.Blocks.03 Coating.00 Main.DB Coating Main PD Buffer.CoatingStep[1].Dipping.Change of Direction" Type="2" Value="0"/>
			<V Item="CPU1.PLC.Blocks.03 Coating.00 Main.DB Coating Main PD Buffer.CoatingStep[1].Dipping.Dip Time" Type="2" Value="0"/>
			<V Item="CPU1.PLC.Blocks.03 Coating.00 Main.DB Coating Main PD Buffer.CoatingStep[1].Dipping.Draining Time" Type="2" Value="0"/>
			<V Item="CPU1.PLC.Blocks.03 Coating.00 Main.DB Coating Main PD Buffer.CoatingStep[1].Dipping.Rotation Speed" Type="4" Hex="00000000" Value="0"/>
			<V Item="CPU1.PLC.Blocks.03 Coating.00 Main.DB Coating Main PD Buffer.CoatingStep[1].Dipping.Straight Before" Type="11" Value="0"/>
			<V Item="CPU1.PLC.Blocks.03 Coating.00 Main.DB Coating Main PD Buffer.CoatingStep[1].Dipping.Time Straight" Type="2" Value="0"/>
			<V Item="CPU1.PLC.Blocks.03 Coating.00 Main.DB Coating Main PD Buffer.CoatingStep[1].Dipping.Vat identifier" Type="2" Value="0"/>
			<V Item="CPU1.PLC.Blocks.03 Coating.00 Main.DB Coating Main PD Buffer.CoatingStep[1].Spinning.1.Rotor RPM" Type="4" Hex="00000000" Value="0"/>
			<V Item="CPU1.PLC.Blocks.03 Coating.00 Main.DB Coating Main PD Buffer.CoatingStep[1].Spinning.1.Rotor Time" Type="2" Value="0"/>
			<V Item="CPU1.PLC.Blocks.03 Coating.00 Main.DB Coating Main PD Buffer.CoatingStep[1].Spinning.2.Planet RPM" Type="4" Hex="00000000" Value="0"/>
			<V Item="CPU1.PLC.Blocks.03 Coating.00 Main.DB Coating Main PD Buffer.CoatingStep[1].Spinning.2.Planet Time" Type="2" Value="0"/>
			<V Item="CPU1.PLC.Blocks.03 Coating.00 Main.DB Coating Main PD Buffer.CoatingStep[1].Spinning.2.Rotor RPM" Type="4" Hex="00000000" Value="0"/>
			<V Item="CPU1.PLC.Blocks.03 Coating.00 Main.DB Coating Main PD Buffer.CoatingStep[1].Spinning.3.Rotor RPM" Type="4" Hex="00000000" Value="0"/>
			<V Item="CPU1.PLC.Blocks.03 Coating.00 Main.DB Coating Main PD Buffer.CoatingStep[1].Spinning.3.Rotor Time" Type="2" Value="0"/>
			<V Item="CPU1.PLC.Blocks.03 Coating.00 Main.DB Coating Main PD Buffer.CoatingStep[1].Type" Type="2" Value="2"/>
			<V Item="CPU1.PLC.Blocks.03 Coating.00 Main.DB Coating Main PD Buffer.CoatingStep[2].Dipping.Angle" Type="4" Hex="00000000" Value="0"/>
			<V Item="CPU1.PLC.Blocks.03 Coating.00 Main.DB Coating Main PD Buffer.CoatingStep[2].Dipping.Change of Direction" Type="2" Value="0"/>
			<V Item="CPU1.PLC.Blocks.03 Coating.00 Main.DB Coating Main PD Buffer.CoatingStep[2].Dipping.Dip Time" Type="2" Value="0"/>
			<V Item="CPU1.PLC.Blocks.03 Coating.00 Main.DB Coating Main PD Buffer.CoatingStep[2].Dipping.Draining Time" Type="2" Value="0"/>
			<V Item="CPU1.PLC.Blocks.03 Coating.00 Main.DB Coating Main PD Buffer.CoatingStep[2].Dipping.Rotation Speed" Type="4" Hex="00000000" Value="0"/>
			<V Item="CPU1.PLC.Blocks.03 Coating.00 Main.DB Coating Main PD Buffer.CoatingStep[2].Dipping.Straight Before" Type="11" Value="0"/>
			<V Item="CPU1.PLC.Blocks.03 Coating.00 Main.DB Coating Main PD Buffer.CoatingStep[2].Dipping.Time Straight" Type="2" Value="0"/>
			<V Item="CPU1.PLC.Blocks.03 Coating.00 Main.DB Coating Main PD Buffer.CoatingStep[2].Dipping.Vat identifier" Type="2" Value="0"/>
			<V Item="CPU1.PLC.Blocks.03 Coating.00 Main.DB Coating Main PD Buffer.CoatingStep[2].Spinning.1.Rotor RPM" Type="4" Hex="00000000" Value="0"/>
			<V Item="CPU1.PLC.Blocks.03 Coating.00 Main.DB Coating Main PD Buffer.CoatingStep[2].Spinning.1.Rotor Time" Type="2" Value="0"/>
			<V Item="CPU1.PLC.Blocks.03 Coating.00 Main.DB Coating Main PD Buffer.CoatingStep[2].Spinning.2.Planet RPM" Type="4" Hex="00000000" Value="0"/>
			<V Item="CPU1.PLC.Blocks.03 Coating.00 Main.DB Coating Main PD Buffer.CoatingStep[2].Spinning.2.Planet Time" Type="2" Value="0"/>
			<V Item="CPU1.PLC.Blocks.03 Coating.00 Main.DB Coating Main PD Buffer.CoatingStep[2].Spinning.2.Rotor RPM" Type="4" Hex="00000000" Value="0"/>
			<V Item="CPU1.PLC.Blocks.03 Coating.00 Main.DB Coating Main PD Buffer.CoatingStep[2].Spinning.3.Rotor RPM" Type="4" Hex="00000000" Value="0"/>
			<V Item="CPU1.PLC.Blocks.03 Coating.00 Main.DB Coating Main PD Buffer.CoatingStep[2].Spinning.3.Rotor Time" Type="2" Value="0"/>
			<V Item="CPU1.PLC.Blocks.03 Coating.00 Main.DB Coating Main PD Buffer.CoatingStep[2].Type" Type="2" Value="0"/>
			<V Item="CPU1.PLC.Blocks.03 Coating.00 Main.DB Coating Main PD Buffer.CoatingStep[3].Dipping.Angle" Type="4" Hex="00000000" Value="0"/>
			<V Item="CPU1.PLC.Blocks.03 Coating.00 Main.DB Coating Main PD Buffer.CoatingStep[3].Dipping.Change of Direction" Type="2" Value="0"/>
			<V Item="CPU1.PLC.Blocks.03 Coating.00 Main.DB Coating Main PD Buffer.CoatingStep[3].Dipping.Dip Time" Type="2" Value="0"/>
			<V Item="CPU1.PLC.Blocks.03 Coating.00 Main.DB Coating Main PD Buffer.CoatingStep[3].Dipping.Draining Time" Type="2" Value="0"/>
			<V Item="CPU1.PLC.Blocks.03 Coating.00 Main.DB Coating Main PD Buffer.CoatingStep[3].Dipping.Rotation Speed" Type="4" Hex="00000000" Value="0"/>
			<V Item="CPU1.PLC.Blocks.03 Coating.00 Main.DB Coating Main PD Buffer.CoatingStep[3].Dipping.Straight Before" Type="11" Value="0"/>
			<V Item="CPU1.PLC.Blocks.03 Coating.00 Main.DB Coating Main PD Buffer.CoatingStep[3].Dipping.Time Straight" Type="2" Value="0"/>
			<V Item="CPU1.PLC.Blocks.03 Coating.00 Main.DB Coating Main PD Buffer.CoatingStep[3].Dipping.Vat identifier" Type="2" Value="0"/>
			<V Item="CPU1.PLC.Blocks.03 Coating.00 Main.DB Coating Main PD Buffer.CoatingStep[3].Spinning.1.Rotor RPM" Type="4" Hex="00000000" Value="0"/>
			<V Item="CPU1.PLC.Blocks.03 Coating.00 Main.DB Coating Main PD Buffer.CoatingStep[3].Spinning.1.Rotor Time" Type="2" Value="0"/>
			<V Item="CPU1.PLC.Blocks.03 Coating.00 Main.DB Coating Main PD Buffer.CoatingStep[3].Spinning.2.Planet RPM" Type="4" Hex="00000000" Value="0"/>
			<V Item="CPU1.PLC.Blocks.03 Coating.00 Main.DB Coating Main PD Buffer.CoatingStep[3].Spinning.2.Planet Time" Type="2" Value="0"/>
			<V Item="CPU1.PLC.Blocks.03 Coating.00 Main.DB Coating Main PD Buffer.CoatingStep[3].Spinning.2.Rotor RPM" Type="4" Hex="00000000" Value="0"/>
			<V Item="CPU1.PLC.Blocks.03 Coating.00 Main.DB Coating Main PD Buffer.CoatingStep[3].Spinning.3.Rotor RPM" Type="4" Hex="00000000" Value="0"/>
			<V Item="CPU1.PLC.Blocks.03 Coating.00 Main.DB Coating Main PD Buffer.CoatingStep[3].Spinning.3.Rotor Time" Type="2" Value="0"/>
			<V Item="CPU1.PLC.Blocks.03 Coating.00 Main.DB Coating Main PD Buffer.CoatingStep[3].Type" Type="2" Value="0"/>
		</Values>
		<Notes/>
		<Changes/>
	</Coating>
</VWSRecipeFile>
